IE, Ireland
AR, Argentina
IN, India
CN, China
CO, Colombia
NE, Niger
SS, South Sudan
IE, Ireland
DE, Germany
DE, Germany
FR, France
SK, Slovakia
UA, Ukraine
PH, Philippines
CF, Central African Republic
GT, Guatemala
AU, Australia
GB, United Kingdom of Great Britain and Northern Ireland
IE, Ireland
IE, Ireland
IE, Ireland
IE, Ireland
IE, Ireland
IE, Ireland
IE, Ireland
IE, Ireland
IE, Ireland
IE, Ireland
MX, Mexico
MX, Mexico
MX, Mexico
MX, Mexico
MX, Mexico
MX, Mexico
MX, Mexico
MX, Mexico
MX, Mexico
MX, Mexico
MX, Mexico
MX, Mexico
MX, Mexico
MX, Mexico
MX, Mexico
MX, Mexico
MX, Mexico
MX, Mexico
SD, Sudan
SD, Sudan
SD, Sudan
SD, Sudan
LR, Liberia
AU, Australia
DZ, Algeria
DZ, Algeria
DZ, Algeria
DZ, Algeria
DZ, Algeria
DZ, Algeria
DZ, Algeria
DZ, Algeria
DZ, Algeria
DZ, Algeria
DZ, Algeria
DZ, Algeria
DZ, Algeria
DZ, Algeria
DZ, Algeria
DZ, Algeria
IE, Ireland
IE, Ireland
IE, Ireland
IE, Ireland
IE, Ireland
IE, Ireland
IE, Ireland
IE, Ireland
IE, Ireland
IE, Ireland
IE, Ireland
IE, Ireland
IE, Ireland
IE, Ireland
IE, Ireland
IE, Ireland
IE, Ireland
IE, Ireland
IE, Ireland
IE, Ireland
IE, Ireland
IE, Ireland
IE, Ireland
IE, Ireland
IE, Ireland
IE, Ireland
IE, Ireland
IE, Ireland
IE, Ireland
IE, Ireland
IN, India
IN, India
IE, Ireland
IE, Ireland
AU, Australia
MR, Mauritania
PY, Paraguay
BR, Brazil
IE, Ireland
NA, Namibia
LY, Libya
ML, Mali
MX, Mexico
MX, Mexico
AU, Australia
BR, Brazil
ID, Indonesia
LY, Libya
BR, Brazil
ZA, South Africa
CD, Congo (Democratic Republic of the)
LY, Libya
SS, South Sudan
MX, Mexico
AU, Australia
BR, Brazil
BW, Botswana
KE, Kenya
BR, Brazil
MX, Mexico
BR, Brazil
CG, Congo
BR, Brazil
DO, Dominican Republic
IE, Ireland
EH, Western Sahara
KE, Kenya
AU, Australia
IE, Ireland
NG, Nigeria
IE, Ireland
CD, Congo (Democratic Republic of the)
AU, Australia
CL, Chile
ID, Indonesia
CG, Congo
